"Status","Title","Multi-Reference","Image","Rich Content","Additional Info","Additional Info Copy","Product List (List)","Product List (Item)","ProductCategories_multireference","ID","Created Date","Updated Date","Owner","Publish Date","Unpublish Date"
"PUBLISHED","Riser Elbow 90˚ (flat)","[""80d1bbaf-43f0-403f-a858-2ee082098f76"",""5928bc38-88d9-4182-96d6-8d38fb150696"",""b0ef96bc-dce6-4620-af20-612d25e447de"",""a322afd8-4b4b-47cd-a44a-eac6408eff34""]","wix:image://v1/9af21d_2d55a10ead6d4b018915c2173a217e90~mv2.jpg/unnamed.jpg#originWidth=418&originHeight=548","{""nodes"":[{""paragraphData"":{""textStyle"":{""textAlignment"":""CENTER""}},""style"":{},""id"":""lxpw16935"",""nodes"":[{""type"":""TEXT"",""id"":"""",""nodes"":[],""textData"":{""text"":""Other sizes available upon request."",""decorations"":[]}}],""type"":""PARAGRAPH""}],""documentStyle"":{}}","Other sizes available upon request
",,"/product-list/","/product-list/riser-elbow-90%CB%9A-(flat)","[""3657abb4-bd68-4e1d-8c17-86ad7773ead4""]","028176f5-d47e-4f9e-8d1c-273c16348fe2",2025-11-06T00:55:24Z,2025-11-07T05:15:43Z,"9af21d4e-2c70-4ca7-ba14-ceb25a4ffc80",2025-11-05T23:46:58Z,
"PUBLISHED","Combustion Vent Cap
","[""44e6eabf-827d-4419-89c5-6e11249ed70f"",""cbf2fc83-d0fc-4aec-b540-6c8b2b64b68e"",""d8f54c36-e91e-4336-b1a1-b322ae9563fe"",""083db688-c5f5-4a07-98a3-19085be5447f"",""3b639821-f240-45f9-9db4-652aa5af7758"",""460292be-470c-417e-b2c3-5a20b0156cda""]","wix:image://v1/9af21d_281f3684bfae4dbdbc5796d90194d086~mv2.png/unnamed.png#originWidth=715&originHeight=588",,,,"/product-list/","/product-list/combustion-vent-cap-","[""96b74d10-db4e-4f6a-a090-bc4176dfd450""]","03053dba-65a7-4cba-ae33-4c03f60abaf9",2025-11-07T05:24:32Z,2025-11-07T05:24:46Z,"9af21d4e-2c70-4ca7-ba14-ceb25a4ffc80",2025-11-07T04:24:37Z,
"PUBLISHED","Straight Boot Box","[""4c9a72a6-5c52-4984-b72f-723cdc8ab9bd"",""14cbe462-9c11-44f6-b769-a2be42e10672"",""882f772c-2fbb-4a45-9553-053d20b236c0"",""c9a154a6-56c7-475f-b07f-bdf6218370ae"",""d3f73535-45a5-4e3e-aecf-2d8d2dec1630"",""e56bbdb1-5487-4149-a7e3-a3de86dd5b93"",""043f57ef-2ce8-4183-8537-0ffd3059e098"",""4db0ef60-80b6-4ca4-b353-9f6efaefbf55"",""502a0406-8973-4be8-b21d-82ffb611b14d"",""23fba965-1dc1-4606-9d45-266b332f1d5b"",""4e8d8257-e81d-426a-a18d-e31c2da61c0a"",""48e4efd7-10ea-4722-ac37-2bb39f56ca3f""]","wix:image://v1/9af21d_361f26384eb24c3bbb4539c6239d03b1~mv2.jpg/unnamed.jpg#originWidth=429&originHeight=519",,,,"/product-list/","/product-list/straight-boot-box","[""66bc596e-6594-46ec-873b-fbb6f227aba1""]","06fa2d51-b779-4c23-9bb0-e74793e1fc6b",2025-11-06T00:24:34Z,2025-11-07T05:13:22Z,"9af21d4e-2c70-4ca7-ba14-ceb25a4ffc80",2025-11-05T23:46:58Z,
"PUBLISHED","Boot Box","[""e870414e-0836-4491-9980-85cca67d36ae"",""dd5ab14a-3265-4a28-8ec7-b61091a72f28"",""13dadd6a-4362-408d-afdf-921516ef6207"",""d0774b96-86b6-4eaf-8ceb-9d1a9c5f5d3d"",""415577f1-0485-401f-beb9-0a34e5aec229"",""1260d04e-8c67-41d0-bf5f-7a028b538870"",""dbc8e802-186f-4b6c-b384-e8ec6015a91d"",""903f7a15-5e6f-4e8b-836c-35b6570bac1f"",""0a6001c3-697d-4ae7-aed6-cadc487802aa"",""68423b7e-815d-49f0-965c-01091bd8f25c"",""17586ac3-04bd-4fe7-b99d-fc4aac840b7a"",""68e1f371-7726-40a3-ab38-6bdbc95f5751"",""f176d6ff-9b9c-45b5-9a01-e11f8409d771"",""13e86730-2cb8-4d15-9599-cae27f05c4a0"",""81d6a52a-cd6f-4c81-829e-19301d33d43c"",""d3bf247d-ea0d-4159-9fd4-a34dcc0c24d6"",""61801f15-8118-491d-9aa3-9fa2486901a3"",""1b0bc18a-7436-4127-938e-86f212d609af"",""2eff9012-ea03-4737-89f0-656e180d4670"",""2e429734-c645-45e3-9ba2-9196916bb9b3"",""c887fcda-58ab-4fc2-881c-8b079c2c25c1""]","wix:image://v1/9af21d_f0f5474fffe846a097b580f7650aab7f~mv2.jpg/unnamed.jpg#originWidth=452&originHeight=398",,,,"/product-list/","/product-list/boot-box","[""66bc596e-6594-46ec-873b-fbb6f227aba1""]","0b6e3a1d-75dc-4b9e-9984-112708c2d64b",2025-11-06T00:22:24Z,2025-11-07T05:13:22Z,"9af21d4e-2c70-4ca7-ba14-ceb25a4ffc80",2025-11-05T23:46:58Z,
"PUBLISHED","Flashing","[""56b0c8a3-84ae-46ef-a7fd-4afda2f9589c"",""6af57130-7ed2-4140-b634-546dbf8cb5fd"",""46d69114-daa3-45a8-ab54-de585639b69d"",""55acf75a-8a98-4605-ad9c-d40d9008ba0a"",""cb4653cd-5e9d-4c4c-99b9-cc942fd3e62e"",""1b453275-2988-4acd-8916-7880a23156e2"",""f36dc22d-8dbf-4a05-91d8-827c81e6c757"",""4308d57b-cf86-4a5d-a9dc-b2d14d2159d4"",""93d44004-756d-4fd8-8adc-e4fbc11ed721"",""d61167e5-281d-4c7b-990f-b45ba4a0caa8"",""18dc9d42-1232-4a9e-b227-ccc74803bbd2"",""8144f8f2-80af-4002-a43e-4d184994e22c"",""032d0cb6-3bbc-42d5-8d65-d4a60f71c058""]","wix:image://v1/9af21d_cc73ec15fb984d17a732d5986aea3450~mv2.jpg/unnamed.jpg#originWidth=583&originHeight=396",,,,"/product-list/","/product-list/flashing","[""96b74d10-db4e-4f6a-a090-bc4176dfd450""]","1a757d64-fec4-4145-bdab-b0b317ca54b1",2025-11-06T00:59:11Z,2025-11-07T05:13:22Z,"9af21d4e-2c70-4ca7-ba14-ceb25a4ffc80",2025-11-05T23:46:58Z,
"PUBLISHED","China Cap","[""08f8b92a-2b47-41e5-b875-fc926f39da74"",""faa572d0-dab1-491b-9d8e-ba6f21b16f93"",""26413e80-bb7b-42e3-9e5c-f65183051cf0"",""cc5456d8-d6da-455d-9c8c-b21245b567d3"",""e46f8154-1177-42de-8f6b-9deced58d22a""]","wix:image://v1/9af21d_0d46900b746541b1b570b54e4f8512b7~mv2.jpg/unnamed.jpg#originWidth=551&originHeight=444",,,,"/product-list/","/product-list/china-cap","[""96b74d10-db4e-4f6a-a090-bc4176dfd450""]","2153fd85-4f30-410a-a122-c682d11d0de2",2025-11-06T00:56:28Z,2025-11-07T05:13:22Z,"9af21d4e-2c70-4ca7-ba14-ceb25a4ffc80",2025-11-05T23:46:58Z,
"PUBLISHED","Elbow 90˚","[""ba083374-0b45-42c6-81fb-d10e4d3d7703"",""ddfe77af-8931-47c2-a986-875e95e0a8de"",""1722c61b-299c-4424-a41d-af8a771c401c"",""5c3a1890-4aca-47d8-b9b1-d0ca2a8a99a3"",""70b17e51-6a11-4a36-a07d-94ec62555c34"",""6d19c6cb-9106-478d-8420-df62fd868252"",""6ac49c5a-e635-4a13-a4bd-30daf3ce9150"",""8aabb206-e4ea-4fa2-87dd-73cd062ed3b9"",""e466fe73-52a3-4de3-8093-18b01cfed1bf"",""7158fa95-494d-4bec-b595-a67219b91116"",""40f467bc-0b32-43e3-9066-94a924d816d0"",""6acf1c49-d2d7-4ed5-9aa8-128017785f90"",""560ad23f-5fd8-4e51-8cc7-eca19c21fe2a"",""3be97250-90dc-414c-b5e4-c485b5faf677"",""ba3d267f-7c8c-4f6c-bc85-4542904c8417""]","wix:image://v1/9af21d_c6eeee3bc9fc4e32b8ab247cc64f2198~mv2.jpg/unnamed.jpg#originWidth=501&originHeight=507","{""nodes"":[{""paragraphData"":{""textStyle"":{""textAlignment"":""CENTER""}},""style"":{},""id"":""lxpw16935"",""nodes"":[{""type"":""TEXT"",""id"":"""",""nodes"":[],""textData"":{""text"":""Other sizes available upon request."",""decorations"":[]}},{""type"":""TEXT"",""id"":"""",""nodes"":[],""textData"":{""text"":""\n"",""decorations"":[]}},{""type"":""TEXT"",""id"":"""",""nodes"":[],""textData"":{""text"":""\n"",""decorations"":[]}},{""type"":""TEXT"",""id"":"""",""nodes"":[],""textData"":{""text"":""Spot elbows and long radius also available."",""decorations"":[]}}],""type"":""PARAGRAPH""}],""documentStyle"":{}}","Other sizes available upon request
","Spot elbows and long radius also available","/product-list/","/product-list/elbow-90%CB%9A","[""3657abb4-bd68-4e1d-8c17-86ad7773ead4""]","29c26927-e0b6-4a78-93b4-e6f78e8a694b",2025-11-05T23:51:00Z,2025-11-07T05:14:54Z,"9af21d4e-2c70-4ca7-ba14-ceb25a4ffc80",2025-11-05T23:46:58Z,
"PUBLISHED","Plenum","[""a764dd8a-9cb8-43f2-9d52-536de9d50dc1"",""ee910a8f-9998-4dcd-babb-80da517ff65e"",""46135811-2515-4d75-b548-c018b7d80e9c"",""c44cc33c-dfee-46b4-9943-11155339cb9b"",""d3653465-e8cf-449e-814f-fd44a120c1a5"",""241598a3-e87d-46bf-9b63-d48c67d1533b""]","wix:image://v1/9af21d_c8f73f874fe34179a64e5e805d1a3993~mv2.jpg/unnamed.jpg#originWidth=470&originHeight=383","{""nodes"":[{""type"":""PARAGRAPH"",""id"":""foo"",""nodes"":[{""type"":""TEXT"",""id"":"""",""nodes"":[],""textData"":{""text"":""Please use Plenum Data Sheet at the end of this section for custom orders."",""decorations"":[{""type"":""BOLD"",""fontWeightValue"":700},{""type"":""COLOR"",""colorData"":{""background"":""transparent"",""foreground"":""rgb(0, 0, 0)""}}]}}],""paragraphData"":{""textStyle"":{""textAlignment"":""CENTER""},""indentation"":0}}],""documentStyle"":{}}",,,"/product-list/","/product-list/plenum","[""0ebcc58d-5925-4824-a8c7-7d0c87abb6da""]","2c853c20-e554-4e40-9fb1-93456201698c",2025-11-07T05:19:49Z,2025-11-07T05:20:29Z,"9af21d4e-2c70-4ca7-ba14-ceb25a4ffc80",2025-11-07T04:24:37Z,
"PUBLISHED","Twist Collar w/Damper & Scoop","[""e842d8be-b40a-44bc-99db-cc22864992fd"",""a83a75fc-5fb8-42e4-b40c-9e41bfc6bd2f"",""ac73c8e9-5e81-4591-b22d-0996eab14364"",""7bdb652b-d10c-4e17-8b16-55970e2b69a4"",""9b2750a0-051a-4512-8891-6f47fbf0a9a5"",""019e2282-f161-4ad2-9af4-fedb4a85cc4c"",""37894aa4-f088-4c39-b05c-a22cbd748358"",""506dd365-def3-418a-93a5-a869136939af""]","wix:image://v1/9af21d_dac4bb8f5ffa45e98a2dadb76fb23f9d~mv2.jpg/unnamed.jpg#originWidth=578&originHeight=434","{""nodes"":[{""paragraphData"":{""textStyle"":{""textAlignment"":""CENTER""}},""style"":{},""id"":""lxpw16935"",""nodes"":[{""type"":""TEXT"",""id"":"""",""nodes"":[],""textData"":{""text"":""Other sizes available upon request."",""decorations"":[]}}],""type"":""PARAGRAPH""}],""documentStyle"":{}}","Other sizes available upon request
",,"/product-list/","/product-list/twist-collar-w%2Fdamper-%26-scoop","[""4a837012-97fb-4d8e-8e32-719924f903a9""]","301caa5f-a0a4-4f68-b880-9f60c0eb8e8e",2025-11-06T00:19:37Z,2025-11-07T05:15:22Z,"9af21d4e-2c70-4ca7-ba14-ceb25a4ffc80",2025-11-05T23:46:58Z,
"PUBLISHED","Register Box","[""d935655f-ac04-4399-b90c-de12861c3890"",""fb6f2332-41ca-41e2-9287-9d0b03261e32"",""56b6f0fc-7940-4a61-8b66-847566cc454d"",""c3dc6237-6a48-487e-9abd-dd34a168fdfd"",""36a97aba-7232-4aa4-a75c-3bcf612766a8"",""c9dbc436-f7af-4d0c-892b-a4439ab239ee"",""be702e02-cd2a-440f-94a8-a53ba867606d"",""e9196e93-4b8c-4e8d-a441-1b05787e8a4b""]","wix:image://v1/9af21d_37cd500976124ff2b4e757462431bb4e~mv2.jpg/unnamed.jpg#originWidth=377&originHeight=559",,,,"/product-list/","/product-list/register-box","[""66bc596e-6594-46ec-873b-fbb6f227aba1""]","303c640b-d74f-4807-9b19-789a7dfe62c7",2025-11-06T00:26:48Z,2025-11-07T05:13:22Z,"9af21d4e-2c70-4ca7-ba14-ceb25a4ffc80",2025-11-05T23:46:58Z,
"PUBLISHED","Angle Iron","[""19019ce7-bf73-427e-8a80-9818e2a56e5c"",""b7ab0b4c-79d3-4d26-bd2e-d30b7fb8cc0d"",""c79a6141-862f-4d2d-856c-84a420a4c7f1"",""68f1a7ba-03f0-4a9b-a2e4-cdfaf8f6e8a0"",""4012ea2d-0d5b-4d8b-91bf-8f0df7a5c27e""]","wix:image://v1/9af21d_dea07f848a5c4db1a4eabbb476ee96e6~mv2.jpg/unnamed.jpg#originWidth=279&originHeight=139",,,,"/product-list/","/product-list/angle-iron","[""9e60a4e8-1fa0-424b-8df1-cc394efa6e3e""]","329b906f-46e9-4d6b-a731-940e691395d5",2025-11-07T05:17:50Z,2025-11-07T05:18:07Z,"9af21d4e-2c70-4ca7-ba14-ceb25a4ffc80",2025-11-07T04:24:37Z,
"PUBLISHED","Flat Stock","[""7b700060-cced-44e8-a8e5-afdc95f92da7"",""dcc20f7d-fd76-4b1d-9521-f9d93601a148"",""d9a93b1b-377e-4d60-a4d0-6548149dfbb9""]","wix:image://v1/9af21d_153fa4f2d0be419fa72f085b94d96d9d~mv2.jpg/unnamed.jpg#originWidth=582&originHeight=236",,,,"/product-list/","/product-list/flat-stock","[""9e60a4e8-1fa0-424b-8df1-cc394efa6e3e""]","34042786-89ef-4c50-84aa-844b5555292a",2025-11-07T05:18:34Z,2025-11-07T05:18:40Z,"9af21d4e-2c70-4ca7-ba14-ceb25a4ffc80",2025-11-07T04:24:37Z,
"PUBLISHED","MEZ FLANGE and ACCESORIES
","[""2ccaaf76-e47b-444e-8a94-9c7559ca57ad"",""3f5df1b0-729e-4889-a939-91e515fc188c"",""ce53326a-0c67-4129-804f-51aa46fb3596"",""affb401e-9ee1-44b0-8919-761fd62a53c9"",""fd24bba3-a37a-453e-8643-3a72d3d09dec"",""428011dd-9b79-4736-8038-f01c9bce1616"",""53b171a4-f570-4a6a-b0c8-ac3b19bfe394""]","wix:image://v1/9af21d_fd6ea53c482449fcae44052d84080d9a~mv2.jpg/unnamed.jpg#originWidth=330&originHeight=220",,,,"/product-list/","/product-list/mez-flange-and-accesories-","[""bdbfc4f5-7584-476b-a45b-644131e935d1""]","3c0468e6-8eee-49c8-980d-2f8d55abc3f8",2025-11-07T05:17:22Z,2025-11-07T05:17:48Z,"9af21d4e-2c70-4ca7-ba14-ceb25a4ffc80",2025-11-07T04:24:37Z,
"PUBLISHED","Dove Tail Collar","[""00401151-49ef-4431-b354-67e377f60a7b"",""06781cdd-48cc-46cd-957e-e86bc0b2c8a0"",""7f4eb125-0441-4f0e-8322-9785b3a43295"",""5deb7327-0111-4b48-88e2-58782384f7db"",""2bd3ffaf-fb40-49c9-8ead-dd81fc2d5c22"",""ffdd9ac9-2daa-4e34-8f99-7cd0ca5031e4"",""3e380a93-b24c-4428-a0da-e7aafb30053b"",""ee68311b-5e2e-43ae-895e-3303e633dbde"",""5f702c47-2ad2-4ff4-a8eb-1364c91954e9"",""3acf5bf3-7e35-4b97-b80e-6564c1d22756"",""7e105383-06bf-4496-8b28-cfa02b949956"",""6cc5ec43-5951-41ed-a98d-3c65b1f95155"",""5da05abc-5a4c-4405-afa0-064f721fff79""]","wix:image://v1/9af21d_d957242718bd4ab69a8912d5e4ae21b8~mv2.jpg/unnamed.jpg#originWidth=475&originHeight=406","{""nodes"":[{""paragraphData"":{""textStyle"":{""textAlignment"":""CENTER""}},""style"":{},""id"":""lxpw16935"",""nodes"":[{""type"":""TEXT"",""id"":"""",""nodes"":[],""textData"":{""text"":""Other sizes available upon request."",""decorations"":[]}}],""type"":""PARAGRAPH""}],""documentStyle"":{}}","Other sizes available upon request
",,"/product-list/","/product-list/dove-tail-collar","[""4a837012-97fb-4d8e-8e32-719924f903a9""]","3df1cd56-a6ce-4a6c-a136-16f0ab189eec",2025-11-06T00:09:49Z,2025-11-07T05:15:18Z,"9af21d4e-2c70-4ca7-ba14-ceb25a4ffc80",2025-11-05T23:46:58Z,
"PUBLISHED","‘S’-Cleat/Flat ‘S”","[""f4218bc4-da23-404f-beb4-8f4da0c6a836""]","wix:image://v1/9af21d_9f9edc7adc054cf0b3351aa7a2328196~mv2.jpg/unnamed.jpg#originWidth=388&originHeight=184",,,,"/product-list/","/product-list/%E2%80%98s%E2%80%99-cleat%2Fflat-%E2%80%98s%E2%80%9D","[""a3a56b0f-8b8b-4576-8628-2ac5e51d8000""]","3e2b287c-817f-4d8a-9b5b-fc5f4d052dc1",2025-11-06T01:01:04Z,2025-11-07T05:13:22Z,"9af21d4e-2c70-4ca7-ba14-ceb25a4ffc80",2025-11-05T23:46:58Z,
"PUBLISHED","Side Tab","[""fa51e7d9-b027-4263-8c21-f465eaaf5af7"",""dee8d841-e03e-46ce-8fe7-afd3e8ed5de2"",""d1629097-9c01-44fa-8960-5d3de3eedd17"",""5c311ac9-1a18-4bfd-9f26-20fcc135a0b5"",""6ae98082-77d1-45c6-9c8e-9992606110d9""]","wix:image://v1/9af21d_e725000989ff4a52ac61925163a38c18~mv2.jpg/unnamed.jpg#originWidth=533&originHeight=470","{""nodes"":[{""paragraphData"":{""textStyle"":{""textAlignment"":""CENTER""}},""style"":{},""id"":""lxpw16935"",""nodes"":[{""type"":""TEXT"",""id"":"""",""nodes"":[],""textData"":{""text"":""Other sizes available upon request."",""decorations"":[]}}],""type"":""PARAGRAPH""}],""documentStyle"":{}}","Other sizes available upon request",,"/product-list/","/product-list/side-tab","[""a3a56b0f-8b8b-4576-8628-2ac5e51d8000""]","42355420-fe51-46aa-b0bd-daddecf3cd13",2025-11-06T00:21:59Z,2025-11-07T05:15:26Z,"9af21d4e-2c70-4ca7-ba14-ceb25a4ffc80",2025-11-05T23:46:58Z,
"PUBLISHED","PG","[""d6fe5229-29c1-4599-b7b0-e001f4dae82c""]","wix:image://v1/9af21d_34cd1fd5ff074b0b9686c90106623092~mv2.jpg/unnamed.jpg#originWidth=344&originHeight=342",,,,"/product-list/","/product-list/pg","[""0ebcc58d-5925-4824-a8c7-7d0c87abb6da""]","4d2b7397-1f26-4af6-9f4c-6915acd0b701",2025-11-06T01:04:58Z,2025-11-07T05:13:22Z,"9af21d4e-2c70-4ca7-ba14-ceb25a4ffc80",2025-11-05T23:46:58Z,
"PUBLISHED","Line Set Cover","[""21467fb2-9b43-44bf-9dd5-6943c1706624"",""394af62e-b947-4854-a174-a2663b7fe791"",""1fd019a3-1ee5-414e-b395-82b575053d12"",""c251b5aa-f78d-46c7-976c-d2286ff2e870""]","wix:image://v1/9af21d_560bd2221fd74cc1a8eed8fa13f30cf1~mv2.jpg/unnamed.jpg#originWidth=485&originHeight=431",,,,"/product-list/","/product-list/line-set-cover","[""4a837012-97fb-4d8e-8e32-719924f903a9""]","4eed6de3-2976-4e34-824c-3e5c797b193f",2025-11-07T05:19:02Z,2025-11-07T05:19:21Z,"9af21d4e-2c70-4ca7-ba14-ceb25a4ffc80",2025-11-07T04:24:37Z,
"PUBLISHED","Reducer Sure Fit","[""bdcc8941-e6af-4bc1-9a36-8c6abeb119ed"",""503edad1-50d2-4434-aa14-02b5250b17c7"",""ee3c0671-1def-486e-a2d1-8129aab375f3"",""2bc7eb8b-40a0-4781-8cb9-56422dca0cba"",""5aa10eaf-349f-40de-94dc-50d6035bfd4c"",""e9d9b6bf-7073-409d-bcd8-9b5df3b6de92"",""36a89ca9-1d33-401f-bf54-83997666e541"",""603e8c30-f867-4060-a2e7-19a79efe6578"",""84d9244e-83f8-4f3d-8b14-77a1a34eb4a1"",""fe6abefb-38ff-427b-9fec-b8cf9df8d51d"",""2f074aae-1098-4ed4-8870-8beb68f88da7"",""3892e8b5-26b1-4f1c-bedc-83afa93ab93e"",""049f9b5a-5fd3-4310-af93-3f49a2bfacfe"",""7010d0bf-a522-4d8e-a624-08e71a83a321"",""be71f900-7a95-4291-a277-17ed2fe5729e"",""95dd876b-6c49-4cb5-8186-beece1796a9b"",""9aa3fc0c-2037-41df-bf7c-97d94db360be"",""ed4229ec-22a1-4478-91a7-08f689761b9f""]","wix:image://v1/9af21d_ddbe6189acc842208bdb1ba420afb659~mv2.jpg/unnamed.jpg#originWidth=302&originHeight=279",,,,"/product-list/","/product-list/reducer-sure-fit","[""4a837012-97fb-4d8e-8e32-719924f903a9""]","4fb1dc79-37b7-49df-a986-9e4a773ae942",2025-11-05T23:53:21Z,2025-11-07T05:13:22Z,"9af21d4e-2c70-4ca7-ba14-ceb25a4ffc80",2025-11-05T23:46:58Z,
"PUBLISHED","Drive","[""29a767b3-dce6-4de5-817e-8d5df9358d9a""]","wix:image://v1/9af21d_5c8f3d5182ee47ca90cc5398bc120477~mv2.jpg/unnamed.jpg#originWidth=442&originHeight=118",,,,"/product-list/","/product-list/drive","[""a3a56b0f-8b8b-4576-8628-2ac5e51d8000""]","5394544e-b32c-4a9e-b7cf-802108679c4d",2025-11-07T05:13:00Z,2025-11-07T05:17:15Z,"9af21d4e-2c70-4ca7-ba14-ceb25a4ffc80",2025-11-07T04:24:37Z,
"PUBLISHED","Wrapped Aluminum Flex  w/ Metalized Jacket R-6","[""00476df5-9c18-4a77-ab4b-e1a87d91baf5"",""004fef7a-d9f0-465b-9e43-c58bf424612e"",""0dba6ddf-f522-4326-8e90-3336d4fcdbca"",""272a92af-9db2-44f1-81a4-0d7ecf69a0e8"",""33d7627f-6962-4396-97a2-9e20f8f829f6"",""47675c96-98b6-46ea-a4c9-324998cde3d1"",""4826a8e8-142a-432a-880e-ff704e215477"",""5ff61ea4-0e88-45e0-aafd-bedc2a203f39"",""b8ac2f1e-3d94-48fa-b147-e14c3752d1f5"",""e783df8f-126f-4107-bf92-536cd3c5128d"",""f5bfa05a-7c49-4eb1-a907-b8b50be7f3c8""]","wix:image://v1/9af21d_70f655c85998443483c46c3d04b266fc~mv2.jpg/unnamed.jpg#originWidth=420&originHeight=549",,"22” – 24”  available upon request",,"/product-list/","/product-list/wrapped-aluminum-flex-w%2F-metalized-jacket-r-6","[""9f5b96cb-e3b3-4158-b1e0-c42a25aaf893""]","55f84fab-8b1b-4a68-994c-e32dca1ce7f7",2025-10-30T05:06:43Z,2025-11-07T05:13:22Z,"9af21d4e-2c70-4ca7-ba14-ceb25a4ffc80",2025-10-30T05:04:58Z,
"PUBLISHED","Duct Ties","[""74145af4-ac15-4d42-ab77-88329e05133b"",""9a93bdf8-4444-41c7-abfb-38e218cd9abc""]","wix:image://v1/9af21d_18d77345af024a67b85573b92e3d7722~mv2.jpg/unnamed.jpg#originWidth=216&originHeight=144",,,,"/product-list/","/product-list/duct-ties","[""a3a56b0f-8b8b-4576-8628-2ac5e51d8000""]","5958eab1-28f7-4d25-9194-2fcb4df277c2",2025-11-07T05:23:28Z,2025-11-07T05:23:42Z,"9af21d4e-2c70-4ca7-ba14-ceb25a4ffc80",2025-11-07T04:24:37Z,
"PUBLISHED","Turning Vanes
","[""6cced4f3-cb70-4018-8c9a-7b6d8a4f95b0"",""d99cc6a6-3ac9-479e-bcfd-739406651ff7"",""0eac7c83-1291-40d1-bf06-e763fe85a21f"",""8d631fbd-8cbd-4ff8-bf32-e8ee1d3958b7""]","wix:image://v1/9af21d_5c1afcbcd1a842cbbe4084472b79a196~mv2.jpg/unnamed.jpg#originWidth=517&originHeight=470",,,,"/product-list/","/product-list/turning-vanes-","[""b98eb550-97aa-44d1-b9a7-a55edece17bf""]","5ae9151f-a8c9-46c9-8efd-3aedd073b367",2025-11-07T05:15:44Z,2025-11-07T05:17:31Z,"9af21d4e-2c70-4ca7-ba14-ceb25a4ffc80",2025-11-07T04:24:37Z,
"PUBLISHED","Wall Cap","[""e5020a12-3859-4c82-b30b-cfd9d6348586"",""502ab243-93c9-4fe4-bb7d-f824323abd02"",""82716de5-3941-438f-959b-c035a7af563b"",""2130b484-cfb1-4469-a82d-acbea322d541""]","wix:image://v1/9af21d_2333662a37c743179e1394642daf2864~mv2.jpg/unnamed.jpg#originWidth=367&originHeight=358",,,,"/product-list/","/product-list/wall-cap","[""96b74d10-db4e-4f6a-a090-bc4176dfd450""]","5cdf2a6c-57ca-485f-acfc-8e90940c1a7b",2025-11-06T00:58:01Z,2025-11-07T05:13:22Z,"9af21d4e-2c70-4ca7-ba14-ceb25a4ffc80",2025-11-05T23:46:58Z,
"PUBLISHED","Stack Head Boot Box","[""c24ef8b4-fdc5-47c6-9f1c-604c377420d5"",""3023b179-e2ec-452a-904f-37e5979587ae"",""05472090-4f6b-4b03-a119-30e098aa3b79"",""1630971e-bed9-45c9-88d0-099bd1c6151d"",""7714ade7-6f0c-401b-b9c6-314b84d2ec62"",""56200053-b837-447f-a0fd-643f4b973b9d"",""f37ec696-0aff-49d0-8c97-586330043684"",""59364fb1-184f-4dd6-844f-26ad9b70d247"",""57925a71-1e2d-4a03-85d7-22b9c4069c0c"",""0f399273-1a96-46c9-9fe9-0f3d8455c98d"",""b0b273b2-160c-46ef-bf1a-2dbd32b3dbce"",""1a983ae1-9a76-4a58-8d8f-eb6123c5ddda"",""13c12e6a-2f31-47be-923b-b408ceeee9b6"",""85fe7b63-fb3c-4463-902a-5cd95bfb034b""]","wix:image://v1/9af21d_63a13173953f4fd3bede4632ad297b0b~mv2.jpg/unnamed.jpg#originWidth=468&originHeight=570","{""nodes"":[{""paragraphData"":{""textStyle"":{""textAlignment"":""CENTER""}},""style"":{},""id"":""lxpw16935"",""nodes"":[{""type"":""TEXT"",""id"":"""",""nodes"":[],""textData"":{""text"":""Other sizes available upon request."",""decorations"":[]}}],""type"":""PARAGRAPH""}],""documentStyle"":{}}","Other sizes available upon request",,"/product-list/","/product-list/stack-head-boot-box","[""66bc596e-6594-46ec-873b-fbb6f227aba1""]","5ce57ec2-0972-494f-b3a2-5821e3548aeb",2025-11-06T00:26:20Z,2025-11-07T05:15:32Z,"9af21d4e-2c70-4ca7-ba14-ceb25a4ffc80",2025-11-05T23:46:58Z,
"PUBLISHED","Riser Elbow 90˚ (standard)","[""4e548ec2-b782-4820-815c-2cc5636faf99"",""fb812445-53bc-47f3-b760-9662a8d141ce"",""2345c77d-67b3-4569-b492-c79d62a2033e"",""e7e01e71-bf09-4fa9-902f-8cddf92b2ed8""]","wix:image://v1/9af21d_d2a1d28fe8cc48688605881c18df0fc0~mv2.jpg/unnamed.jpg#originWidth=490&originHeight=378","{""nodes"":[{""paragraphData"":{""textStyle"":{""textAlignment"":""CENTER""}},""style"":{},""id"":""lxpw16935"",""nodes"":[{""type"":""TEXT"",""id"":"""",""nodes"":[],""textData"":{""text"":""Other sizes available upon request."",""decorations"":[]}}],""type"":""PARAGRAPH""}],""documentStyle"":{}}","Other sizes available upon request",,"/product-list/","/product-list/riser-elbow-45%CB%9A-(standard)","[""3657abb4-bd68-4e1d-8c17-86ad7773ead4""]","61293f0f-9b86-4069-80be-b7621637c78a",2025-11-06T00:53:00Z,2025-11-30T04:11:51Z,"9af21d4e-2c70-4ca7-ba14-ceb25a4ffc80",2025-11-05T23:46:58Z,
"PUBLISHED","Spiral Pipe 7’ 5”","[""044df36b-bd39-43e3-a737-634c5b8feb19"",""3271b994-476b-45d2-af4b-1cc5be42ef8d"",""357eca56-5669-4f0c-81f2-8ce58056973f"",""3be40766-4b44-4937-80da-14805efed423"",""475c0a68-74c2-4326-9c91-e1745be23ead"",""683398cb-1a77-4f2d-8738-3a79cee4ac38"",""7d9073d9-bf90-4b11-8c11-52921fcffdd5"",""ac8dacc9-5aaa-4f44-ab40-15dc76512630"",""d4a79031-2f63-44a4-93f9-42a952ac01f0"",""e5cbefc5-e64d-4b3c-9b14-e9a7f558b171""]","wix:image://v1/9af21d_985028d2ca9f4092a498f163fdbb0d80~mv2.jpg/unnamed.jpg#originWidth=445&originHeight=288",,,,"/product-list/","/product-list/spiral-pipe-7%E2%80%99-5%E2%80%9D","[""5715b66e-0850-4710-8212-116d8b5c05dd""]","6205678e-93f4-429d-9123-e51eb3af4c27",2025-10-30T05:04:58Z,2025-11-07T05:13:22Z,"9af21d4e-2c70-4ca7-ba14-ceb25a4ffc80",2025-10-30T05:04:58Z,
"PUBLISHED","Elbow 45˚","[""c2081e39-6c96-4cc2-b7ee-f2ba430896db"",""4da5955c-21de-4c66-b2e6-622679b36203"",""c1954cba-df53-4ed5-a36b-a6eeba6add1d"",""8b9f42c2-b294-41c6-93cf-5cf5bcbd02e0"",""b1b5a4a3-2264-4288-9faa-2efdd89c5478"",""601d1d0b-1fb8-4848-859c-916585891dea"",""6d04883e-474c-4fa0-9b5b-8e90796bc641"",""5de75667-a5df-45cc-a09f-1fb7c054b71c"",""312c3a42-82ce-454f-8ce4-1c1c6a52c505"",""b1af55b6-1547-4246-b4ea-c730ad263e0a""]","wix:image://v1/9af21d_2cb011070bc5468383f23904ae8388eb~mv2.jpg/unnamed.jpg#originWidth=356&originHeight=381",,,,"/product-list/","/product-list/elbow-45%CB%9A","[""3657abb4-bd68-4e1d-8c17-86ad7773ead4""]","65299027-974b-4bd3-b89d-65d824ba66c2",2025-11-05T23:49:13Z,2025-11-07T05:13:22Z,"9af21d4e-2c70-4ca7-ba14-ceb25a4ffc80",2025-11-05T23:46:58Z,
"PUBLISHED","KD Pipe","[""40e563bf-5f38-43dd-8768-1f4bf784b436"",""a19a0f58-76dc-4059-9cca-4eaaf7fcad42"",""63500dbd-b3be-47f6-937c-3ce73b3b5ca7"",""a3fc3a65-53f7-46d4-8829-b94d272e9218"",""1ff0998e-15cc-423c-b721-1bfb92584aee"",""4edf51ef-8b88-4a49-b094-9ad4efdb5c9a"",""6492672c-92c9-4306-bf28-bcb4f2235b78"",""8b3e36d5-b8dd-4979-8a12-e948369003ab"",""e01bad5e-36da-47d1-a0b0-d371282f5211"",""451c41f9-d172-4b0e-8a7d-20a1d33ba29f"",""0da0e135-9ff7-4ab9-90b4-a6211f067461"",""1699e59e-13d8-4035-9350-de8c4b786bb3"",""895f1f4d-3030-47a2-b3e9-ed2527485fc7""]","wix:image://v1/9af21d_4f209da85e38492d857185f6e1143715~mv2.jpg/unnamed.jpg#originWidth=473&originHeight=284",,,,"/product-list/","/product-list/kd-pipe","[""5715b66e-0850-4710-8212-116d8b5c05dd""]","66f68063-14a4-4b7b-916b-6e264504a35b",2025-11-05T23:46:58Z,2025-11-07T05:13:22Z,"9af21d4e-2c70-4ca7-ba14-ceb25a4ffc80",2025-11-05T23:46:58Z,
"PUBLISHED","Spiral Pipe 10’","[""079f4a7e-2166-4de0-a8a6-3202ef7cd010"",""18ac1c10-9cdf-4897-93ea-e0ca455abaea"",""1cdd620f-1830-449c-b244-1779e2e509b3"",""2548eb82-2c98-4d95-b764-088c75b8680a"",""360a3316-86e5-401f-bbb9-653826b70c0a"",""3dc485df-ce0d-4597-bc95-f507d86ce696"",""4d9d126f-010a-4b5c-b25a-b5a835036926"",""907b0e91-c0e7-4264-b881-aa9a0e5170bd"",""9d22bf46-30e2-4cbe-a8c5-a088f93aef2e"",""add3348b-d7ba-4e4a-a411-625604e93aca"",""c44df889-9258-4199-b0e1-27386ab34226"",""c759f3e6-8bb9-4c5b-a747-4c3a6d2b29c2"",""e6edf144-ac28-41cf-8721-fce4e51067ad"",""e6f5aa3d-e06e-488b-b4b4-aa5a34a3f643""]","wix:image://v1/9af21d_985028d2ca9f4092a498f163fdbb0d80~mv2.jpg/unnamed.jpg#originWidth=445&originHeight=288","{""nodes"":[{""type"":""PARAGRAPH"",""id"":""lxpw16935"",""nodes"":[{""type"":""TEXT"",""id"":"""",""nodes"":[],""textData"":{""text"":""Other sizes available upon request."",""decorations"":[]}}],""paragraphData"":{""textStyle"":{""textAlignment"":""CENTER""}}},{""type"":""PARAGRAPH"",""id"":""ieh7x7049"",""nodes"":[],""paragraphData"":{""textStyle"":{""textAlignment"":""CENTER""}}},{""type"":""PARAGRAPH"",""id"":""n8d3z7053"",""nodes"":[{""type"":""TEXT"",""id"":"""",""nodes"":[],""textData"":{""text"":""Special discount prices on large jobs."",""decorations"":[]}}],""paragraphData"":{""textStyle"":{""textAlignment"":""CENTER""}}}],""documentStyle"":{}}","Other sizes available upon request

","Special discount prices on large jobs
","/product-list/","/product-list/spiral-pipe-10%E2%80%99","[""5715b66e-0850-4710-8212-116d8b5c05dd""]","6c204425-29a0-4112-8522-3d7e50ebc4cd",2025-10-30T05:05:37Z,2025-11-07T05:14:32Z,"9af21d4e-2c70-4ca7-ba14-ceb25a4ffc80",2025-10-30T05:04:58Z,
"PUBLISHED","Volume Damper w/ 3/8 Rod & 1 ½” Stand off","[""9ff202b0-bd8a-4199-acfa-5d49b7f2d8b8"",""56b6414e-e64a-4bcf-98fa-b0cec8ad990d"",""cda5e25e-a439-4908-8717-13db46edb522"",""d1b758b4-c1c3-493b-aaf8-83353e3188e3"",""655e79de-8631-44ba-969d-d096d25f092a"",""25ede4a5-a64e-4c34-9b73-53f6f42b7abf"",""cbdec121-4f6a-41d3-ad0a-fd77967f50c1"",""4e570ab5-69b2-4dad-b424-47ade3265bac""]","wix:image://v1/9af21d_c53ea4b6528f4b6e96a31453d3065ac3~mv2.png/unnamed.png#originWidth=600&originHeight=436",,,,"/product-list/","/product-list/volume-damper-w%2F-3%2F8-rod-%26-1-%C2%BD%E2%80%9D-stand-off","[""b98eb550-97aa-44d1-b9a7-a55edece17bf""]","724a555e-8388-43df-a301-b198913b4742",2025-11-06T00:00:00Z,2025-11-07T05:13:22Z,"9af21d4e-2c70-4ca7-ba14-ceb25a4ffc80",2025-11-05T23:46:58Z,
"PUBLISHED","T-Top","[""1da6b5ad-d5d3-417e-a42a-d2e81684c408"",""e45e793f-2175-4054-bc8b-2dd5933cc89a"",""f1e1d693-299c-426f-8630-9eb22ed9e169""]","wix:image://v1/9af21d_60393168228742c18baac45e0eb3d24f~mv2.jpg/unnamed.jpg#originWidth=492&originHeight=337",,,,"/product-list/","/product-list/t-top","[""96b74d10-db4e-4f6a-a090-bc4176dfd450""]","72ce646c-8abd-44d7-8934-0e67adb93605",2025-11-06T01:00:31Z,2025-11-07T05:13:22Z,"9af21d4e-2c70-4ca7-ba14-ceb25a4ffc80",2025-11-05T23:46:58Z,
"PUBLISHED","Twist Collar w/Damper","[""aa1c4979-2746-4844-b263-f11a9d01b45d"",""6be83fd1-6381-4bb3-a0b8-5b83e85cfb4d"",""b715b5b7-df63-4821-abcf-6c8390dfd931"",""5e668ff5-bcdd-4136-8d2b-708802bb5b6f"",""a23edca5-c67c-4a5b-b08e-46ab046cba8e"",""7a1ad003-101c-45b8-88d6-85400bdd6fdd"",""e6f9c1c0-4128-499c-a194-95a9534bf3d4"",""b4e6d66b-45df-4145-bf29-57e4a3c88129"",""09cdc4be-c8fc-4d90-9e0b-5bed57ae5122""]","wix:image://v1/9af21d_31f254e5e553429d99397953529df6d3~mv2.jpg/unnamed.jpg#originWidth=540&originHeight=427",,,,"/product-list/","/product-list/twist-collar-w%2Fdamper","[""4a837012-97fb-4d8e-8e32-719924f903a9""]","7d3a0a7f-3afd-4099-9d04-f43387d9d3c2",2025-11-06T00:18:27Z,2025-11-07T05:13:22Z,"9af21d4e-2c70-4ca7-ba14-ceb25a4ffc80",2025-11-05T23:46:58Z,
"PUBLISHED","Tee Wye","[""a1543e3d-41f9-472e-9ef9-a7229d11e971"",""ef963016-cb38-4ed8-b797-378eab335041"",""a2144f3e-14ae-4b01-8b03-45e8209fe393"",""be5708a6-bd1b-44f0-886c-4d82c9d375d3"",""80a53a8b-108d-4c59-8457-7c4aac08b073"",""9306169b-9ab1-4e0d-9f0e-ef0e75afdfb2"",""539a4694-953b-45dd-a40c-0a76b8f197a3"",""80a6db60-3fdb-4028-9a71-650751365296"",""b9a22cf6-cec4-4e31-82b7-c0cafd1886ab"",""7156f2ee-12c5-426f-ab67-66aab2f330bb"",""e4872a93-3eac-423c-8899-29d061d4e329"",""e609a4a2-7564-49a8-9820-21a229996f61"",""a604c806-b306-440b-b522-5a6213ab05bb"",""04c7aa18-2158-4045-aac4-fbd384c3c414"",""ea01e33a-8da9-4588-b04d-01308b004e3d"",""66e6964f-8af5-4222-8489-27e2b1ca8a95"",""766d92e7-e74e-4acb-87e2-5b412f29d442"",""c91b3030-9eda-4e09-ab5f-c867bb55a57a"",""5f9b6466-a633-4c21-bba6-9b418600ac9c"",""8edd1d21-78a5-46f7-a55b-e341d24f3cd2"",""9ef3c5dc-58d7-4b0a-9473-1e12373c1ff9"",""fb5de51a-51d1-4b2a-97c8-23a1ba900ddc"",""7c0a1e24-3b2d-4ee5-a785-f14e87d0241a"",""947de9c0-7905-4d14-9877-c8067a1a334a"",""521f91c8-d7ba-4e80-be54-32911eb994cb"",""4864909d-efbe-44d3-a171-07572b21859b"",""673c3818-237b-4e16-a9cb-1e543bbf0ab6"",""d55532d3-922b-4a7b-9079-2699538df9e6"",""4cfddab8-1829-455c-ad46-4260a6732354"",""725023de-379e-4bdf-97f0-26f505b72467"",""2fdeb62e-697d-45b5-bf3c-b2ccb2f1cdca"",""b5228c5f-6ddb-4226-98ca-90869adcf031"",""34b32263-d25a-4827-955a-c169815fdaad"",""9d16a519-b901-4c3f-afbf-690a9e1ec74e"",""71f5ad39-cee2-44dc-b8f9-d393124e9166"",""0ba136a6-d75a-4f6e-8cb0-0d4a92facb5e"",""ad3b2f17-11ce-4bf0-87f3-60390910f0d7"",""b3714044-312e-48c9-b938-0f4a44cb326b"",""997f8600-5307-446c-8818-349e6b643e4e"",""47cead9d-d323-48ce-81b9-a8cbf489af53"",""e895e400-fe63-4130-81ac-2b1cd37f6649"",""fac443b7-a130-4376-a4d2-d1510d06df78"",""541905f8-ff56-4608-8bc4-7f1ec1ab55e6"",""e670eae4-9c33-4cbb-af67-237359d26887"",""4010cf13-f7be-4059-9aa5-d16636c25ff2"",""114e5771-c4b7-41d6-9d71-cbf6f7bd1735"",""e3c85c8a-6f3e-49c5-8513-9fd64c6be350"",""30a6c8cb-7137-4589-b468-23a29aa25690"",""59c7b5a3-ad01-403a-972a-08bfcfae6e8a"",""993defb7-da8b-4719-888f-bdf804b13ff1"",""cadd41b4-029d-45e9-a431-74f03e4893da"",""e5df1b71-36db-4ddc-be9a-5df2d7f7fe24"",""02460b77-06c2-45dc-b067-897d852303ce"",""fbc46024-53c5-4238-9cb6-a1d4020f2b79"",""e549dbde-987d-47cf-98b0-0b8bc4f63cd9"",""59b675c3-f56e-42e0-85a5-70b5e1a3ea55"",""6d0b0c12-374c-4cb5-89c1-d4fe798b1685"",""4f0ee340-7364-4b0c-be8d-8a4af7e34313"",""5f8c0128-85c6-4223-89a4-b015b8493b11"",""5f7f3dd2-b799-4430-b259-2fd411162b6d"",""3b7a43b3-ca75-4371-acd9-de8d233994ca"",""2c3bd34d-a2bb-4c3b-bcc0-cc026ac5362b"",""9dd9991a-5f0a-439b-9b87-28901c956b5d"",""49ced33d-fa95-4363-8a9e-55a580526ac6"",""a5892d5f-bf84-42cb-9509-f6d735a53b5f"",""acad1cb8-6ea8-494a-9b8b-ce5d7cfe2279"",""21d5ebcd-4dbd-4d06-92e1-8ea9f6bc2880"",""f227d9e7-fbd8-46b8-a518-096786ceb2d2"",""643c38b6-3a68-4392-b4fa-e15bfbab8b7c"",""263a7e73-90bb-4d6e-a584-d8ecffb9355c"",""7b82a961-e823-4cc5-b478-e9832be6e7b5"",""121257ad-c621-480e-a401-fa30f950fa11"",""7a287891-ba8f-47ee-977f-527af69c0dae"",""da50a4c4-5cb3-483a-9e02-df032a3b0153"",""8ce3f053-29b7-4fd6-b20e-e4b4d7f66d34"",""5151f488-02f1-4e14-a551-da43bc12b94f"",""ea2a819b-6a48-4e0a-8510-b38152ad1858"",""c5aea401-c46d-411c-a747-8a9b621c3515"",""663f50d1-a853-484a-af24-169b50378637"",""40b13172-dea5-4f5b-b77e-b65745343255"",""ba0ee0ef-5638-4e4c-b633-b4b23bb89d1c"",""9656ce03-26d0-4310-96ff-29be3422336c"",""cd632eec-d8e0-40dc-8668-958e30d1fc82"",""0f8c2293-4d60-4978-99b6-3a17220cb69b"",""247243a5-1b39-47b0-b930-2405b829e172""]","wix:image://v1/9af21d_40c5b21971db4523934abb745f70536c~mv2.jpg/unnamed.jpg#originWidth=523&originHeight=571","{""nodes"":[{""paragraphData"":{""textStyle"":{""textAlignment"":""CENTER""}},""style"":{},""id"":""lxpw16935"",""nodes"":[{""type"":""TEXT"",""id"":"""",""nodes"":[],""textData"":{""text"":""Other sizes available upon request."",""decorations"":[]}}],""type"":""PARAGRAPH""}],""documentStyle"":{}}","Other sizes available upon request",,"/product-list/","/product-list/tee-wye","[""3657abb4-bd68-4e1d-8c17-86ad7773ead4""]","7ef5f423-9243-4404-b001-fced162c3644",2025-11-05T23:52:10Z,2025-11-07T05:15:04Z,"9af21d4e-2c70-4ca7-ba14-ceb25a4ffc80",2025-11-05T23:46:58Z,
"PUBLISHED","Bare Aluminum Flex
","[""03ef864c-3fb3-4ffa-b7ae-b75c969354fd"",""0c125829-8320-42c5-97bd-5ea8d8d05165"",""0e08ea6b-e4c0-461d-ba05-0b955d50265a"",""232b8a80-0398-47f8-a39f-70b474b2d04f"",""41d3da04-224b-4158-adff-8e5a293a165f"",""6aa2957e-7039-42bf-bf4b-88e53c2ea1dd"",""87d19cbf-cc57-4e4f-9db2-21753c431688"",""87efdaaa-58ff-4bbb-9227-9a8a477f1adb"",""96a9a109-9386-48f9-ad47-67dd08e2f5c7"",""abd38a1d-b85f-46e5-aa69-9e9e8e8bc10d"",""e01ccde9-2f81-4f0e-b3a7-a26f51c69db6"",""f840d8f1-25f4-4bf5-b2b0-7fdff1ca38c4"",""fa4c0683-5304-4bf3-96ed-7b7c7a4d77c1""]","wix:image://v1/9af21d_acece8cf814f42be8a272049caf74670~mv2.jpg/unnamed.jpg#originWidth=439&originHeight=477",,,,"/product-list/","/product-list/bare-aluminum-flex","[""9f5b96cb-e3b3-4158-b1e0-c42a25aaf893""]","804b1fe3-0d3e-46ce-aa99-08f1ac8062e6",2025-10-30T05:06:05Z,2025-11-07T05:13:22Z,"9af21d4e-2c70-4ca7-ba14-ceb25a4ffc80",2025-10-30T05:04:58Z,
"PUBLISHED","Duct Liner/Wrap","[""5a795e9b-cbcf-46bf-85eb-f63b28f2dd39"",""349dc488-2dfd-4af5-8bf5-d50f2a771d36"",""d2edb8a8-e443-42f9-a106-7070c7050580"",""396d09d5-eadc-439e-806c-b4286e1666cd"",""96efbb05-30ec-4781-8b1a-d100a3c61fa0"",""cb3fa341-d5bc-4a4f-8289-7fd717ff7a11"",""ad2102ef-a7b2-44f6-913c-79bdc130cdb9"",""4753fbfd-f232-4f83-8cfa-2ee3f153eb92"",""fd1abb5a-3aa6-4e52-ad9b-c09f3493f200""]","wix:image://v1/9af21d_37a395664efe49fe8808c786b9581471~mv2.jpg/unnamed.jpg#originWidth=108&originHeight=121",,,,"/product-list/","/product-list/duct-liner%2Fwrap","[""9e60a4e8-1fa0-424b-8df1-cc394efa6e3e""]","8397bf35-28b2-41e9-a5bb-abad2ca85007",2025-11-07T05:23:13Z,2025-11-07T05:23:26Z,"9af21d4e-2c70-4ca7-ba14-ceb25a4ffc80",2025-11-07T04:24:37Z,
"DRAFT","Jiffy Damper","[""84aa3e64-d4fd-481f-8b35-f76df881ee18"",""4eb7446f-f1ba-4b66-b59b-19060478539c"",""7bc4c77b-e972-47cb-b4ec-ae2b3d792f06"",""9cb366fc-102b-4572-acd6-dbe015919ec9"",""64a645b3-b5f1-4f95-94ee-bcca63aa25a5"",""03abaf59-d689-4623-afed-e9b7741e584d"",""44af8782-3a0a-4e0d-a1aa-a88a98190337"",""61a500fd-1f1d-46c8-b816-9802408a76dc"",""bf134ffb-a191-4de6-9bd5-547dc9b31ad9"",""104710f6-e6d1-4913-9d15-bf3f7d887f27"",""21164cd9-24ff-4e07-b002-6a6f85f7038d""]","wix:image://v1/9af21d_3b73696467ce4596861f3b9bcf6c13df~mv2.jpg/unnamed.jpg#originWidth=429&originHeight=496","{""nodes"":[{""paragraphData"":{""textStyle"":{""textAlignment"":""CENTER""}},""style"":{},""id"":""lxpw16935"",""nodes"":[{""type"":""TEXT"",""id"":"""",""nodes"":[],""textData"":{""text"":""Other sizes available upon request."",""decorations"":[]}}],""type"":""PARAGRAPH""}],""documentStyle"":{}}","Other sizes and gauges available upon request",,"/product-list/","/product-list/jiffy-damper","[""b98eb550-97aa-44d1-b9a7-a55edece17bf""]","84312eeb-003a-4fc0-8865-357386cc0b38",2025-11-06T00:06:45Z,2025-11-07T05:15:15Z,"9af21d4e-2c70-4ca7-ba14-ceb25a4ffc80",,2025-11-06T00:07:55Z
"PUBLISHED","1” Circle Liner Spiral Pipe 10’
","[""238c6d12-6344-43c7-a306-cfa8687341bb"",""3be80387-33ad-45df-953b-a95909deee5a"",""363a9602-3369-4f6a-96fb-012190add118"",""77d4c1ca-6c58-482f-bfb7-56776885039e"",""3f867b94-57b5-40a5-bbcb-5a681c17f6f9"",""78fd069a-29c6-4fa0-a1e4-af816cf8c915"",""d5a09e5f-b643-4568-82b6-d042ba9dbbd4"",""9c796c96-2d53-4914-b8e1-7bc1c3ca4558""]","wix:image://v1/9af21d_2ed3dcdca0e94aee81fd82930c690716~mv2.jpg/unnamed.jpg#originWidth=332&originHeight=220","{""nodes"":[{""paragraphData"":{""textStyle"":{""textAlignment"":""CENTER""}},""style"":{},""id"":""mtqo79789"",""nodes"":[{""type"":""TEXT"",""id"":"""",""nodes"":[],""textData"":{""text"":""The California Energy Commission requires 1 ½” – 1.5 lb. Density duct liner for all over the roof installations. "",""decorations"":[{""type"":""COLOR"",""colorData"":{""background"":""transparent"",""foreground"":""rgb(0, 0, 0)""}}]}}],""type"":""PARAGRAPH""},{""type"":""PARAGRAPH"",""id"":""qaa6v9791"",""nodes"":[],""paragraphData"":{""textStyle"":{""textAlignment"":""CENTER""}}},{""paragraphData"":{""textStyle"":{""textAlignment"":""CENTER""}},""style"":{},""id"":""115ur9792"",""nodes"":[{""type"":""TEXT"",""id"":"""",""nodes"":[],""textData"":{""text"":""The standard 1” liner "",""decorations"":[{""type"":""COLOR"",""colorData"":{""background"":""transparent"",""foreground"":""rgb(0, 0, 0)""}}]}},{""type"":""TEXT"",""id"":"""",""nodes"":[],""textData"":{""text"":""WILL NOT"",""decorations"":[{""type"":""BOLD"",""fontWeightValue"":700},{""type"":""COLOR"",""colorData"":{""background"":""transparent"",""foreground"":""rgb(0, 0, 0)""}},{""type"":""UNDERLINE""}]}},{""type"":""TEXT"",""id"":"""",""nodes"":[],""textData"":{""text"":"" meet the requirements.  Please be careful when ordering these products. "",""decorations"":[{""type"":""COLOR"",""colorData"":{""background"":""transparent"",""foreground"":""rgb(0, 0, 0)""}}]}}],""type"":""PARAGRAPH""},{""type"":""PARAGRAPH"",""id"":""ije0o9796"",""nodes"":[],""paragraphData"":{""textStyle"":{""textAlignment"":""AUTO""}}},{""paragraphData"":{""textStyle"":{""textAlignment"":""CENTER""}},""style"":{},""id"":""wcrpn9797"",""nodes"":[{""type"":""TEXT"",""id"":"""",""nodes"":[],""textData"":{""text"":""A GOOD RULE OF THUMB WOULD BE:"",""decorations"":[{""type"":""BOLD"",""fontWeightValue"":700},{""type"":""COLOR"",""colorData"":{""background"":""transparent"",""foreground"":""rgb(0, 0, 0)""}}]}}],""type"":""PARAGRAPH""},{""paragraphData"":{""textStyle"":{""textAlignment"":""CENTER""}},""style"":{},""id"":""pswww901"",""nodes"":[{""type"":""TEXT"",""id"":"""",""nodes"":[],""textData"":{""text"":""A. 1 ½” wall – over the roof"",""decorations"":[{""type"":""COLOR"",""colorData"":{""background"":""transparent"",""foreground"":""rgb(0, 0, 0)""}}]}},{""type"":""TEXT"",""id"":"""",""nodes"":[],""textData"":{""text"":""\n"",""decorations"":[]}},{""type"":""TEXT"",""id"":"""",""nodes"":[],""textData"":{""text"":""B. 1”     wall – inside the structure"",""decorations"":[{""type"":""COLOR"",""colorData"":{""background"":""transparent"",""foreground"":""rgb(0, 0, 0)""}}]}}],""type"":""PARAGRAPH""},{""paragraphData"":{""textStyle"":{""textAlignment"":""AUTO""}},""style"":{},""id"":""nrv8v9803"",""nodes"":[],""type"":""PARAGRAPH""}],""documentStyle"":{}}",,,"/product-list/","/product-list/1%E2%80%9D-circle-liner-spiral-pipe-10%E2%80%99-","[""5715b66e-0850-4710-8212-116d8b5c05dd""]","8a13deb2-5b63-4822-96a6-e2be15b99532",2025-11-07T05:20:53Z,2025-11-07T06:10:28Z,"9af21d4e-2c70-4ca7-ba14-ceb25a4ffc80",2025-11-07T04:24:37Z,
"PUBLISHED","Riser Pipe","[""5a3cb263-cc8a-4722-b9d2-bcf2709c3126"",""975c4197-beb9-4d0d-82db-df4d402d72a4"",""dd26e517-cbab-46f1-ade7-c9386706e48d"",""ea6ee210-cc11-4119-b3f3-0c6a01de84e4""]","wix:image://v1/9af21d_8c4c38fc218845f0b9997dc5c26eff36~mv2.jpg/unnamed.jpg#originWidth=415&originHeight=521",,,,"/product-list/","/product-list/riser-pipe","[""c7be793f-e3e9-441f-853a-3a8e2b3c7fb3""]","8cc5b15c-b87d-4cdd-b907-35bc4351c481",2025-11-06T00:49:09Z,2025-11-07T05:13:22Z,"9af21d4e-2c70-4ca7-ba14-ceb25a4ffc80",2025-11-05T23:46:58Z,
"PUBLISHED","Furnace Stand","[""6da0133f-f9c5-4138-b87a-f7ce2a0ecb3d"",""68c45d0e-6e6e-4ca1-9796-0b9e54950064"",""91cbb1e0-b501-4381-8f59-b392510dd2c1"",""cb397354-3a93-4a6c-99c2-acfd14bde71a""]","wix:image://v1/9af21d_1837e236186748009e1f7d7d76333c31~mv2.jpg/unnamed.jpg#originWidth=429&originHeight=467",,,,"/product-list/","/product-list/furnace-stand","[""0ebcc58d-5925-4824-a8c7-7d0c87abb6da""]","97a362ae-16de-4b46-b52b-bb543d88e78f",2025-11-06T00:58:53Z,2025-11-07T05:13:22Z,"9af21d4e-2c70-4ca7-ba14-ceb25a4ffc80",2025-11-05T23:46:58Z,
"PUBLISHED","Riser End Cap","[""467168c7-bd2e-4bc6-ac6f-798887fbb54f"",""67e547ab-b50b-4f0b-a760-f117410c28e3"",""113633e6-97e0-4460-977c-a16146efb83b"",""e10b6152-3ac2-4587-a14e-dc4b8faa92d8""]","wix:image://v1/9af21d_9d8098a315fe483cafb15226c25590a3~mv2.jpg/unnamed.jpg#originWidth=421&originHeight=391",,,,"/product-list/","/product-list/riser-end-cap","[""c7be793f-e3e9-441f-853a-3a8e2b3c7fb3""]","98502278-e9ce-405c-8b25-6c040b3d6943",2025-11-06T00:50:22Z,2025-11-07T05:13:22Z,"9af21d4e-2c70-4ca7-ba14-ceb25a4ffc80",2025-11-05T23:46:58Z,
"PUBLISHED","Ceiling  Box","[""db060dcf-6a05-4511-88b5-52dfe5b48cbd"",""55dc75d7-adbe-4b23-9c88-00c02abee037"",""10bff8b4-bab1-4817-be30-15419267b4ed"",""11bd7c55-c6e3-4de5-bb9e-96922aaef79b"",""a1a0be88-48b2-489a-b21f-ab6bb1158822"",""23115d57-d03f-40a9-92c5-daa1dbf131e6"",""6816333f-75c0-47c0-ae8d-5be43695f6cb"",""d7ad9768-5516-43f6-b462-e4d436625592"",""d25b97de-89f8-414a-ac48-e1690315e58e"",""7029ec04-f0a2-44a8-9d4e-0916be84d0f3"",""51982cf1-d3e7-4ccc-a06a-b2ab64137656"",""b7d9e9f6-24ab-4aa5-b216-33533a4efc92"",""0fd567b6-5d15-42e7-995f-121e9e1986fc"",""fbc8fa19-0233-476c-b100-3aa385294824"",""b792e2bf-55fe-4027-8ec1-bd479b778fda"",""b5a72340-d9ae-4f6f-b81d-d35d43543567"",""c61bd55d-23e6-4355-8611-2c0e89ccbb78"",""175dfcb0-3ef0-4066-b2ce-2d56c1cd55ca"",""4ca0bec3-1536-40e6-990a-534479691c39"",""8ec3587f-36d9-456a-a667-781904150b73"",""8cde1f80-69f1-4a8c-81b9-d469d551cbc3""]","wix:image://v1/9af21d_9aa7f2ac921d4dc2a4145d79590c28be~mv2.jpg/unnamed.jpg#originWidth=475&originHeight=368",,,,"/product-list/","/product-list/ceiling--box","[""66bc596e-6594-46ec-873b-fbb6f227aba1""]","9a7db232-494b-4a14-b7f7-1d2a8423a2e0",2025-11-06T00:21:11Z,2025-11-07T05:13:22Z,"9af21d4e-2c70-4ca7-ba14-ceb25a4ffc80",2025-11-05T23:46:58Z,
"PUBLISHED","Duct Board Collar","[""14034818-21c8-4cf8-871f-9253335bcf90"",""46787f5b-27f9-4195-ad10-65579656cbe8"",""7fece4b5-d1af-4157-9682-b8db52b67859"",""dc94b8ec-0b5d-4848-bc45-e37575cb0153"",""e41cfa2f-1941-44af-b791-2ca7be3d9dda"",""4636bda1-c5f1-4164-bfdf-825a064e5e32"",""511c8d3e-5b1d-429f-87ff-026e6690d74d"",""45d8acc5-51ba-46b3-8cde-2dfdeeb94e99"",""f1d6f6ec-528c-4f48-a67e-5aff1cb60c19""]","wix:image://v1/9af21d_bdcc1c2e5bdc4907afe9d487ad0093fd~mv2.jpg/unnamed.jpg#originWidth=520&originHeight=419",,,,"/product-list/","/product-list/duct-board-collar","[""4a837012-97fb-4d8e-8e32-719924f903a9""]","a14a6503-d5da-4a0b-b442-58559f72efe3",2025-11-06T00:07:50Z,2025-11-07T05:13:22Z,"9af21d4e-2c70-4ca7-ba14-ceb25a4ffc80",2025-11-05T23:46:58Z,
"PUBLISHED","Twist Collar/Spin-In Collar","[""530cebfc-59ce-4f81-8a95-c76947795b4c"",""6ff9778f-8168-40c3-b534-96c7f01fc46d"",""2468a856-b310-4233-884f-8a208ed795b4"",""845eed97-88eb-42c8-b578-3db8d78304b4"",""fa7f3db9-1118-48f1-bb7f-65b7cdc592e7"",""03b1df9c-2062-4ca9-8664-29471f45caed"",""f5f92b79-a49d-468f-a8e1-65c54ea43593"",""be501622-0c51-4307-b162-8dd08b51ea13"",""0022a684-bdb0-4e7b-9c0d-5772bb4e30b8""]","wix:image://v1/9af21d_6ae7930a2cd14977aac997304a286188~mv2.jpg/unnamed.jpg#originWidth=527&originHeight=481",,,,"/product-list/","/product-list/twist-collar%2Fspin-in-collar","[""4a837012-97fb-4d8e-8e32-719924f903a9""]","a6851270-a971-48c3-b357-336385d043ad",2025-11-06T00:10:53Z,2025-11-07T05:13:22Z,"9af21d4e-2c70-4ca7-ba14-ceb25a4ffc80",2025-11-05T23:46:58Z,
"PUBLISHED","Flex Connector
","[""25c89d1a-39a4-49f6-850b-39fcd5e3eb38""]","wix:image://v1/9af21d_8cc207c320434974976369aac613e0c0~mv2.jpg/unnamed.jpg#originWidth=199&originHeight=220",,,,"/product-list/","/product-list/flex-connector-","[""a3a56b0f-8b8b-4576-8628-2ac5e51d8000""]","aba536be-c397-423e-a1eb-ada838965f77",2025-11-07T05:18:08Z,2025-11-07T05:18:27Z,"9af21d4e-2c70-4ca7-ba14-ceb25a4ffc80",2025-11-07T04:24:37Z,
"PUBLISHED","1” Circle Lined WYE","[""a651deaf-2358-4ab5-826e-1e24d64c711c"",""09eeb5bb-85ae-4e49-9091-a543e1e5db0a"",""d87243b8-f384-406d-9b32-635a276a1fb4"",""3ade3b18-fa29-44b0-969b-fc2fc6f04727"",""83525832-689b-4ec3-8647-79cd77f868d7"",""eb437592-2e72-4ca4-8723-8facf98e77b7"",""fd5c045f-b5c1-4cda-bc97-c47c3dcea39d""]","wix:image://v1/9af21d_115d43476bcb49aa864efb8997f0856b~mv2.jpg/unnamed.jpg#originWidth=407&originHeight=481","{""nodes"":[{""type"":""PARAGRAPH"",""id"":""foo"",""nodes"":[{""type"":""TEXT"",""id"":"""",""nodes"":[],""textData"":{""text"":""1 ½” Circlined pipe and fittings also available upon request."",""decorations"":[{""type"":""BOLD"",""fontWeightValue"":700},{""type"":""COLOR"",""colorData"":{""background"":""transparent"",""foreground"":""rgb(0, 0, 0)""}}]}},{""type"":""TEXT"",""id"":"""",""nodes"":[],""textData"":{""text"":""\n"",""decorations"":[]}},{""type"":""TEXT"",""id"":"""",""nodes"":[],""textData"":{""text"":""\n"",""decorations"":[]}},{""type"":""TEXT"",""id"":"""",""nodes"":[],""textData"":{""text"":""The California Energy Commission requires 1 ½” – 1.5 lb. Density duct liner for all over the roof installations. "",""decorations"":[{""type"":""COLOR"",""colorData"":{""background"":""transparent"",""foreground"":""rgb(0, 0, 0)""}}]}}],""paragraphData"":{""textStyle"":{""textAlignment"":""CENTER""},""indentation"":0}},{""type"":""PARAGRAPH"",""id"":""w1bs410267"",""nodes"":[],""paragraphData"":{""textStyle"":{""textAlignment"":""AUTO""}}},{""paragraphData"":{""textStyle"":{""textAlignment"":""AUTO""}},""style"":{},""id"":""fbk4110268"",""nodes"":[{""type"":""TEXT"",""id"":"""",""nodes"":[],""textData"":{""text"":""The standard 1” liner "",""decorations"":[{""type"":""COLOR"",""colorData"":{""background"":""transparent"",""foreground"":""rgb(0, 0, 0)""}}]}},{""type"":""TEXT"",""id"":"""",""nodes"":[],""textData"":{""text"":""WILL NOT"",""decorations"":[{""type"":""BOLD"",""fontWeightValue"":700},{""type"":""COLOR"",""colorData"":{""background"":""transparent"",""foreground"":""rgb(0, 0, 0)""}},{""type"":""UNDERLINE""}]}},{""type"":""TEXT"",""id"":"""",""nodes"":[],""textData"":{""text"":"" meet the requirements.  Please be careful when ordering these products. "",""decorations"":[{""type"":""COLOR"",""colorData"":{""background"":""transparent"",""foreground"":""rgb(0, 0, 0)""}}]}}],""type"":""PARAGRAPH""},{""type"":""PARAGRAPH"",""id"":""mhlc810272"",""nodes"":[],""paragraphData"":{""textStyle"":{""textAlignment"":""AUTO""}}},{""paragraphData"":{""textStyle"":{""textAlignment"":""CENTER""}},""style"":{},""id"":""s2a0s10273"",""nodes"":[{""type"":""TEXT"",""id"":"""",""nodes"":[],""textData"":{""text"":""A GOOD RULE OF THUMB WOULD BE:"",""decorations"":[{""type"":""BOLD"",""fontWeightValue"":700},{""type"":""COLOR"",""colorData"":{""background"":""transparent"",""foreground"":""rgb(0, 0, 0)""}}]}}],""type"":""PARAGRAPH""},{""paragraphData"":{""textStyle"":{""textAlignment"":""CENTER""}},""style"":{},""id"":""pswww901"",""nodes"":[{""type"":""TEXT"",""id"":"""",""nodes"":[],""textData"":{""text"":""A. 1 ½” wall – over the roof"",""decorations"":[{""type"":""COLOR"",""colorData"":{""background"":""transparent"",""foreground"":""rgb(0, 0, 0)""}}]}},{""type"":""TEXT"",""id"":"""",""nodes"":[],""textData"":{""text"":""\n"",""decorations"":[]}},{""type"":""TEXT"",""id"":"""",""nodes"":[],""textData"":{""text"":""B. 1”     wall – inside the structure"",""decorations"":[{""type"":""COLOR"",""colorData"":{""background"":""transparent"",""foreground"":""rgb(0, 0, 0)""}}]}}],""type"":""PARAGRAPH""},{""paragraphData"":{""textStyle"":{""textAlignment"":""AUTO""}},""style"":{},""id"":""e78mq10279"",""nodes"":[],""type"":""PARAGRAPH""}],""documentStyle"":{}}",,,"/product-list/","/product-list/1%E2%80%9D-circle-lined-wye","[""3657abb4-bd68-4e1d-8c17-86ad7773ead4""]","ad677a60-d12a-42d0-82b7-37fb78c9ff06",2025-11-07T05:22:01Z,2025-11-07T06:10:16Z,"9af21d4e-2c70-4ca7-ba14-ceb25a4ffc80",2025-11-07T04:24:37Z,
"PUBLISHED","1” Circle Lined KD Pipe","[""228047ab-9dae-4126-a343-1adb8fbe647d"",""38cff021-a4e4-475c-9cfb-7d5ba20a3f14"",""28c2757b-8459-4191-a808-7a97f5fca970"",""f07c2d04-0a0e-44c4-ae9d-90664d2f32fc"",""5ce81b36-7af7-4049-ba06-fdd00697c4a7"",""688f6c4d-072a-46eb-9c30-70c8ad4749c9"",""35b03162-a103-4270-b031-9d57f487292a"",""86112ab1-2157-448f-b8c6-5a69e0b5413c""]","wix:image://v1/9af21d_44b3aa18ede44fd4afb7889bea1ea34a~mv2.jpg/unnamed.jpg#originWidth=476&originHeight=394",,,,"/product-list/","/product-list/1%E2%80%9D-circle-lined-kd-pipe","[""5715b66e-0850-4710-8212-116d8b5c05dd""]","c2873fd7-dd07-460a-baa9-6566972e2eb2",2025-11-07T05:21:26Z,2025-11-07T05:21:44Z,"9af21d4e-2c70-4ca7-ba14-ceb25a4ffc80",2025-11-07T04:24:37Z,
"PUBLISHED","Pancake Taper (Cookie Cutter)","[""6a28b8f1-d02f-406d-8247-e6437ceaa23c"",""022660f6-9e2a-4c5b-bcf5-979d049efdab"",""095d6c0f-15b8-4d04-ad3e-3e72df02ed5c"",""af6a75b6-02da-4f62-be44-51fd1a68386b"",""865d7faf-de15-43b5-ba0e-e62510ba72e4"",""4cb33db0-a53a-4804-a9f8-8f502949224b"",""5cace2ff-6c70-41bf-bf2d-29e47f49e696"",""04bce225-7611-4114-98d3-7495732bc379"",""fd1ee20b-6f77-4f04-9ec4-e340ef4dbd34"",""c6affffb-1ce6-414a-b6cc-35e757d43dd4"",""13163462-8c59-45b3-8832-e93dea1ae63b"",""964db6bb-7e2a-41d8-9bf5-7af42d63a404"",""af30d463-e582-4ee9-9c31-07fb38425ba3"",""8f77d305-1f96-4c5e-bb02-676de1f41f9d"",""917cde21-53d6-475b-bdfa-640e23593869"",""14a39402-e6dc-40e2-a32c-b3ada61655da""]","wix:image://v1/9af21d_73b92d5e843d4798a1ade9056d8b336b~mv2.jpg/unnamed.jpg#originWidth=508&originHeight=403","{""nodes"":[{""paragraphData"":{""textStyle"":{""textAlignment"":""CENTER""}},""style"":{},""id"":""lxpw16935"",""nodes"":[{""type"":""TEXT"",""id"":"""",""nodes"":[],""textData"":{""text"":""Other sizes available upon request."",""decorations"":[]}}],""type"":""PARAGRAPH""}],""documentStyle"":{}}","Other sizes available upon request",,"/product-list/","/product-list/pancake-taper-(cookie-cutter)","[""66bc596e-6594-46ec-873b-fbb6f227aba1""]","c70b8647-180f-47f3-b7ba-12b6eada5686",2025-11-05T23:56:38Z,2025-11-07T05:15:07Z,"9af21d4e-2c70-4ca7-ba14-ceb25a4ffc80",2025-11-05T23:46:58Z,
"PUBLISHED","Conductor Pipe","[""10fe114b-8c10-4751-9249-f05da524e48a"",""30be5418-1c16-4eb9-9b47-94f1a7e47fb5"",""52b8cd76-ffe9-43a8-a901-16e5c51f9afd"",""53ffee60-dc99-413c-ad66-b9d831c26b6f"",""f88a02b5-4bbe-4603-bd79-892d72c0db51"",""a0148aad-0ef7-48fd-9567-94e152102088"",""9c8dc226-c0a6-43a1-9af7-bc84e383f37b"",""bd1196b2-d40d-4131-a574-b7a75ae50fda"",""c1bc2157-9f9e-46ec-a65e-c3820f7da604""]","wix:image://v1/9af21d_bd69942d06d345a58577c07804886cd5~mv2.jpg/unnamed.jpg#originWidth=551&originHeight=219","{""nodes"":[{""paragraphData"":{""textStyle"":{""textAlignment"":""CENTER""}},""style"":{},""id"":""lxpw16935"",""nodes"":[{""type"":""TEXT"",""id"":"""",""nodes"":[],""textData"":{""text"":""Other sizes available upon request."",""decorations"":[]}}],""type"":""PARAGRAPH""}],""documentStyle"":{}}","Other sizes available upon request",,"/product-list/","/product-list/conductor-pipe","[""c7be793f-e3e9-441f-853a-3a8e2b3c7fb3""]","c9855ad2-1b04-41d5-98a5-5eb938f5e389",2025-11-05T23:48:19Z,2025-11-07T05:14:36Z,"9af21d4e-2c70-4ca7-ba14-ceb25a4ffc80",2025-11-05T23:46:58Z,
"PUBLISHED","Riser Elbow 45˚ (standard)","[""bb1ae71b-f400-4b34-a5a9-a553b52eed56"",""97772272-dee4-4ff3-8975-170ef7b50469"",""9a9191d3-e04c-4ee6-84e4-fe239d2ea738"",""70490fbb-2eff-4740-9c09-6be50782b0d9""]","wix:image://v1/9af21d_a6f0ca7592e14f74a6192c76ea9ea141~mv2.jpg/unnamed.jpg#originWidth=409&originHeight=304",,,,"/product-list/","/product-list/riser-elbow-45%CB%9A-(standard)","[""3657abb4-bd68-4e1d-8c17-86ad7773ead4""]","d3d7aabb-2429-4c6d-ab3c-63c11c89b66b",2025-11-07T05:44:30Z,2025-11-07T05:44:59Z,"9af21d4e-2c70-4ca7-ba14-ceb25a4ffc80",2025-11-07T05:44:30Z,
"PUBLISHED","Sealers & Adhesives
","[""b846fd23-6d9e-4903-9807-f31068877ac5"",""14e8e1a5-36ab-4ead-80f7-246625abdc8c""]","wix:image://v1/9af21d_6b5937fb454648c89a80462554051991~mv2.jpg/unnamed.jpg#originWidth=300&originHeight=360",,,,"/product-list/","/product-list/sealers-%26-adhesives-","[""01763a64-ba0c-4a80-ac80-cab6c3d0e426""]","d425a64a-fe47-438a-87d9-b7655069c125",2025-11-07T05:24:06Z,2025-11-07T05:24:14Z,"9af21d4e-2c70-4ca7-ba14-ceb25a4ffc80",2025-11-07T04:24:37Z,
"PUBLISHED","Wrapped Aluminum Flex  w/ Metalized Jacket R-8 ","[""1d29fc4d-4515-40cb-b8a3-ff8b8e957b5c"",""23b20ddf-4a32-4165-89a6-c08e309cbd30"",""258e11dc-aa61-469b-93b0-6263f7840ae7"",""2da71756-aabd-44a5-b97c-7758903f8514"",""5e0b4e6a-89ee-4330-be1a-729446d062a2"",""60b0224f-811a-436c-af66-7c54bbfb15a1"",""66244f4e-26a6-4625-b9df-2418b081475f"",""7820b2c4-8bff-4068-97ad-5b14d7926a35"",""b95d26e4-d017-4029-8bbd-0f270fa853f2"",""d5ad9903-15b8-44d5-aace-b924b4cf0360"",""dfcb9bdc-0002-4a16-b4ae-924bfa7547a8""]","wix:image://v1/9af21d_70f655c85998443483c46c3d04b266fc~mv2.jpg/unnamed.jpg#originWidth=420&originHeight=549",,,,"/product-list/","/product-list/wrapped-aluminum-flex-w%2F-metalized-jacket-r-8","[""9f5b96cb-e3b3-4158-b1e0-c42a25aaf893""]","d97c386c-9864-4ed5-a3e1-c2cba5207d47",2025-10-30T05:07:22Z,2025-11-07T05:13:22Z,"9af21d4e-2c70-4ca7-ba14-ceb25a4ffc80",2025-10-30T05:04:58Z,
"PUBLISHED","Saddle Wye","[""95c7d188-10e0-4415-8ec3-1ee6c303367a"",""ff7b4c51-17e5-4a0f-97de-1c9395b8a3c5"",""b16c7696-b875-4619-930f-e5bc8d929625"",""fea76543-dea8-478a-8373-33ed34527000"",""97f9b55f-331d-45e3-a9ea-29599b5c742e"",""f7b2bb8c-83ef-490a-a4f0-33b236a70c40"",""1f2cc541-a7eb-429f-ada2-b944f92526f3"",""e467f96b-2c74-4bd6-bbe7-b696b4d572f7"",""8358b01b-7945-4e95-adc9-5f97bdcba741"",""1e980b9e-54e3-4368-bc75-9137ceda0f17"",""3d937e8e-3cc4-4e51-b53a-a76dac696c7b"",""836ff29b-cf73-49d3-b005-3811604676e7"",""ea94a8bb-4f50-43b2-9ffe-fe0370defd15"",""4c68580b-2edf-403f-a71c-80354bdc2758"",""814fd7df-4577-48e7-a1eb-59cb24b1f713"",""0c081230-8136-4607-9848-ebba3039eb41"",""352609b3-48d6-4781-b3fe-3b7489e1968c"",""360e3cab-38a7-48bd-9d57-9eeb0d4f3f2d"",""a4de3f0b-6f15-460c-b5ac-80ef85789104""]","wix:image://v1/9af21d_c61a9f4ea0ad49e4b1d31638b5bc3c09~mv2.jpg/unnamed.jpg#originWidth=553&originHeight=549",,,,"/product-list/","/product-list/saddle-wye","[""3657abb4-bd68-4e1d-8c17-86ad7773ead4""]","dadd32d2-bb43-48a9-a7c6-4673138f5370",2025-11-05T23:57:37Z,2025-11-07T05:13:22Z,"9af21d4e-2c70-4ca7-ba14-ceb25a4ffc80",2025-11-05T23:46:58Z,
"PUBLISHED","Drain Pan","[""c39da9aa-8211-42bd-aca0-3ac8b3b8f7dd"",""1d563dcf-7300-4f58-8dc7-a129eefaba31"",""afac2e93-352f-4d62-b4a1-889647342a61""]","wix:image://v1/9af21d_4a349ae15e414a849919efbe705a4d79~mv2.jpg/unnamed.jpg#originWidth=450&originHeight=194",,,,"/product-list/","/product-list/drain-pan","[""66bc596e-6594-46ec-873b-fbb6f227aba1""]","dc71a905-50cc-4475-942c-41a8e8d7412f",2025-11-07T05:19:30Z,2025-11-07T05:19:43Z,"9af21d4e-2c70-4ca7-ba14-ceb25a4ffc80",2025-11-07T04:24:37Z,
"PUBLISHED","Standing ‘S”","[""04c49d37-79cf-462e-b709-0aa9f677e69a""]","wix:image://v1/9af21d_8e6f81d75a38455689e3505e679254bd~mv2.jpg/unnamed.jpg#originWidth=220&originHeight=220",,,,"/product-list/","/product-list/standing-%E2%80%98s%E2%80%9D","[""a3a56b0f-8b8b-4576-8628-2ac5e51d8000""]","e44f3cfa-c3b0-42b4-8c43-06a38b4c2c0d",2025-11-06T01:01:58Z,2025-11-07T05:13:22Z,"9af21d4e-2c70-4ca7-ba14-ceb25a4ffc80",2025-11-05T23:46:58Z,
"PUBLISHED","Hanger Strap","[""03715b09-7c31-4e46-9736-4de7436b3e85"",""bf47e6e7-181f-4598-8fdf-6702dd8a306c"",""36973db2-4412-4bd9-a900-c4087d3e422c"",""eb87a4ee-6226-48ee-8e5e-0040a27e919f"",""314e22c5-7d47-4932-afcc-774cf063181b"",""eb50b029-63cd-4fd6-800d-763bcafa0385"",""e48972d3-ad9f-451d-85d7-a84f868ab51a"",""9e76515e-c3db-4303-a8e8-9821708df60a""]","wix:image://v1/9af21d_17dba506a1fc49ca9ee230fd6da588ca~mv2.jpg/unnamed.jpg#originWidth=246&originHeight=183",,,,"/product-list/","/product-list/hanger-strap","[""a3a56b0f-8b8b-4576-8628-2ac5e51d8000""]","e45633bd-0dc1-471f-9fff-6f6f900a2bc1",2025-11-07T05:18:49Z,2025-11-07T05:19:01Z,"9af21d4e-2c70-4ca7-ba14-ceb25a4ffc80",2025-11-07T04:24:37Z,
"PUBLISHED","Duct/Foil Tapes
","[""213dd244-1ce4-4c41-9a98-b0c38c2fa81d"",""c7cfa591-35af-4067-82f7-86e27efbb146""]","wix:image://v1/9af21d_f830d24080b041849cdbbbfd4308496e~mv2.jpg/unnamed.jpg#originWidth=126&originHeight=80",,,,"/product-list/","/product-list/duct%2Ffoil-tapes-","[""01763a64-ba0c-4a80-ac80-cab6c3d0e426""]","eb6afabd-560a-480c-804e-a7e90aad3053",2025-11-07T05:23:49Z,2025-11-07T05:23:56Z,"9af21d4e-2c70-4ca7-ba14-ceb25a4ffc80",2025-11-07T04:24:37Z,
"PUBLISHED","Return Air Can","[""8c9e4210-77ca-48d8-a0a0-c16749df2ac2"",""d1813369-cea3-4284-8f3e-995e7e9aed70"",""cafd980b-a660-4f45-8777-54d7c8d5d5e0"",""183392cf-5b44-47dd-a6ba-0d1e392747f5"",""705ba40b-0f1a-4743-9c18-3c9887c33abe"",""3dbd11c9-969d-4b93-bf2a-f322706959ac"",""cd7dcd07-d710-42c8-9a04-d33224e724f8"",""1a918bc3-81f1-47dd-851b-d2016d175017"",""193ef160-8ab6-4979-9c73-2611c68d1f73"",""d095a9b1-46a5-4673-b54f-a746390ee155"",""e36b3871-92e5-45c9-ab61-e7cabab5d46c"",""94b82178-2c6f-4c86-9e25-2cc793457430"",""3f8b2688-b940-4bed-8237-a468adcf9265"",""db29d339-28e6-4df0-8625-0db82d99fa8f"",""22b309e4-e40e-41cf-9531-449b7236e49b"",""26866153-cf45-4d88-8115-5c39edefc058""]","wix:image://v1/9af21d_0e1134d36a534932bff009f08df26101~mv2.jpg/unnamed.jpg#originWidth=532&originHeight=334","{""nodes"":[{""paragraphData"":{""textStyle"":{""textAlignment"":""CENTER""}},""style"":{},""id"":""lxpw16935"",""nodes"":[{""type"":""TEXT"",""id"":"""",""nodes"":[],""textData"":{""text"":""Other sizes available upon request."",""decorations"":[]}}],""type"":""PARAGRAPH""}],""documentStyle"":{}}","Other sizes available upon request
",,"/product-list/","/product-list/return-air-can","[""66bc596e-6594-46ec-873b-fbb6f227aba1""]","f0dbf53d-9d09-4e77-99a8-6a4fb2e71770",2025-11-06T00:24:06Z,2025-11-07T05:15:29Z,"9af21d4e-2c70-4ca7-ba14-ceb25a4ffc80",2025-11-05T23:46:58Z,
"PUBLISHED","End Cap","[""c76816e4-6a79-4218-aa58-438f01d67200"",""e5ee56a1-2eab-477c-b488-687aa6d3a5d0"",""0ebeeecf-5a50-4f84-b58e-00b48b9d9d71"",""629dda95-b21c-4bf9-91ed-27c93154818f"",""7194e0c3-39fe-4636-98ec-dfe44536bfdd"",""08cc6441-2d72-4797-ad4f-4451db7c89a8"",""707c714a-37e7-4105-b993-2660ed1dcf5e"",""f2d8259b-9613-4d69-8bf8-23c53fdc7413"",""eab88529-4d86-4040-9555-8db6ec5773dc"",""30f8a2f1-9c09-481b-bfce-19df942a326f"",""5502b3bc-ff37-4655-80d4-9fbbe26f9fcb""]","wix:image://v1/9af21d_74b045a95aa1407492ae638d4a13d367~mv2.jpg/unnamed.jpg#originWidth=458&originHeight=369","{""nodes"":[{""paragraphData"":{""textStyle"":{""textAlignment"":""CENTER""}},""style"":{},""id"":""lxpw16935"",""nodes"":[{""type"":""TEXT"",""id"":"""",""nodes"":[],""textData"":{""text"":""Other sizes available upon request."",""decorations"":[]}}],""type"":""PARAGRAPH""}],""documentStyle"":{}}","Other sizes available upon request",,"/product-list/","/product-list/end-cap","[""0ebcc58d-5925-4824-a8c7-7d0c87abb6da""]","f1697b1b-ec9e-45dd-8da6-f747fba3ba7e",2025-11-05T23:59:06Z,2025-11-07T05:15:11Z,"9af21d4e-2c70-4ca7-ba14-ceb25a4ffc80",2025-11-05T23:46:58Z,
"PUBLISHED","1” Circle Lined Elbow","[""19e990f5-db90-4d21-98b7-0643f0a67354"",""f7d82305-df73-46b8-ac7a-defc28e5d6b0"",""faeae109-c6db-45d5-926b-7e8438ab7138"",""1d32d333-4109-4bd7-ab7e-395b1d30b358"",""ab1f6ee9-5cd6-4696-a96d-ae6294a9e721"",""4d335591-dbed-4818-95e3-6d13e9058534"",""b0a7c49f-7c1a-41cf-9c52-612896a8feee"",""d0729d5f-ba55-46fe-a906-de30aa5421e2""]","wix:image://v1/9af21d_7b182ce9db934fafaced85a94c63bebe~mv2.jpg/unnamed.jpg#originWidth=476&originHeight=484","{""nodes"":[{""paragraphData"":{""textStyle"":{""textAlignment"":""CENTER""}},""style"":{},""id"":""qwgfg10038"",""nodes"":[{""type"":""TEXT"",""id"":"""",""nodes"":[],""textData"":{""text"":""1 ½” Circlined pipe and fittings also available upon request. "",""decorations"":[{""type"":""BOLD"",""fontWeightValue"":700},{""type"":""COLOR"",""colorData"":{""background"":""transparent"",""foreground"":""rgb(0, 0, 0)""}}]}}],""type"":""PARAGRAPH""},{""type"":""PARAGRAPH"",""id"":""mzm9y10040"",""nodes"":[],""paragraphData"":{""textStyle"":{""textAlignment"":""CENTER""}}},{""type"":""PARAGRAPH"",""id"":""whdja10041"",""nodes"":[],""paragraphData"":{""textStyle"":{""textAlignment"":""CENTER""}}},{""paragraphData"":{""textStyle"":{""textAlignment"":""CENTER""}},""style"":{},""id"":""adlk410042"",""nodes"":[{""type"":""TEXT"",""id"":"""",""nodes"":[],""textData"":{""text"":""The California Energy Commission requires 1 ½” – 1.5 lb. Density duct liner for all over the roof installations. "",""decorations"":[{""type"":""COLOR"",""colorData"":{""background"":""transparent"",""foreground"":""rgb(0, 0, 0)""}}]}}],""type"":""PARAGRAPH""},{""type"":""PARAGRAPH"",""id"":""neiz510044"",""nodes"":[],""paragraphData"":{""textStyle"":{""textAlignment"":""CENTER""}}},{""paragraphData"":{""textStyle"":{""textAlignment"":""CENTER""}},""style"":{},""id"":""9j0ex10045"",""nodes"":[{""type"":""TEXT"",""id"":"""",""nodes"":[],""textData"":{""text"":""The standard 1” liner "",""decorations"":[{""type"":""COLOR"",""colorData"":{""background"":""transparent"",""foreground"":""rgb(0, 0, 0)""}}]}},{""type"":""TEXT"",""id"":"""",""nodes"":[],""textData"":{""text"":""WILL NOT"",""decorations"":[{""type"":""BOLD"",""fontWeightValue"":700},{""type"":""COLOR"",""colorData"":{""background"":""transparent"",""foreground"":""rgb(0, 0, 0)""}},{""type"":""UNDERLINE""}]}},{""type"":""TEXT"",""id"":"""",""nodes"":[],""textData"":{""text"":"" meet the requirements.  Please be careful when ordering these products. "",""decorations"":[{""type"":""COLOR"",""colorData"":{""background"":""transparent"",""foreground"":""rgb(0, 0, 0)""}}]}}],""type"":""PARAGRAPH""},{""type"":""PARAGRAPH"",""id"":""cv8wp10049"",""nodes"":[],""paragraphData"":{""textStyle"":{""textAlignment"":""CENTER""}}},{""paragraphData"":{""textStyle"":{""textAlignment"":""CENTER""}},""style"":{},""id"":""9lmdq10050"",""nodes"":[{""type"":""TEXT"",""id"":"""",""nodes"":[],""textData"":{""text"":""A GOOD RULE OF THUMB WOULD BE:"",""decorations"":[{""type"":""BOLD"",""fontWeightValue"":700},{""type"":""COLOR"",""colorData"":{""background"":""transparent"",""foreground"":""rgb(0, 0, 0)""}}]}}],""type"":""PARAGRAPH""},{""paragraphData"":{""textStyle"":{""textAlignment"":""CENTER""}},""style"":{},""id"":""pswww901"",""nodes"":[{""type"":""TEXT"",""id"":"""",""nodes"":[],""textData"":{""text"":""A. 1 ½” wall – over the roof"",""decorations"":[{""type"":""COLOR"",""colorData"":{""background"":""transparent"",""foreground"":""rgb(0, 0, 0)""}}]}},{""type"":""TEXT"",""id"":"""",""nodes"":[],""textData"":{""text"":""\n"",""decorations"":[]}},{""type"":""TEXT"",""id"":"""",""nodes"":[],""textData"":{""text"":""B. 1”     wall – inside the structure"",""decorations"":[{""type"":""COLOR"",""colorData"":{""background"":""transparent"",""foreground"":""rgb(0, 0, 0)""}}]}}],""type"":""PARAGRAPH""},{""paragraphData"":{""textStyle"":{""textAlignment"":""AUTO""}},""style"":{},""id"":""ywoz410056"",""nodes"":[],""type"":""PARAGRAPH""}],""documentStyle"":{}}",,,"/product-list/","/product-list/1%E2%80%9D-circle-lined-elbow","[""3657abb4-bd68-4e1d-8c17-86ad7773ead4""]","f2e1b1d7-2cdb-4450-a837-96073741188d",2025-11-07T05:21:50Z,2025-11-07T06:08:55Z,"9af21d4e-2c70-4ca7-ba14-ceb25a4ffc80",2025-11-07T04:24:37Z,
"PUBLISHED","Swamp Cooler Diffuser","[""f0280357-68cf-4210-a464-10dc8020b3ce"",""39204a2d-4f14-4211-b98e-cf85a164efc0"",""4fafad63-c3ba-42f4-b2fb-82cfe7005fe4"",""266756e3-7342-4934-9aa2-33fd5c226f68"",""17886eed-14d0-4936-87cf-be50401bae99"",""fde60d1e-70d5-44cb-badd-8d512eda5186""]","wix:image://v1/9af21d_4efeb6a74a0a43859bf518e39ef4f121~mv2.jpg/unnamed.jpg#originWidth=549&originHeight=360",,,,"/product-list/","/product-list/swamp-cooler-diffuser","[""0ebcc58d-5925-4824-a8c7-7d0c87abb6da""]","f4d8eeab-dddd-40f0-81c1-2e8f08140117",2025-11-07T05:24:16Z,2025-11-07T05:24:30Z,"9af21d4e-2c70-4ca7-ba14-ceb25a4ffc80",2025-11-07T04:24:37Z,
"PUBLISHED","Riser Elbow 45˚ (flat)","[""ca45d646-490f-45ba-b320-6763e3583cff"",""74f776c4-d074-4bdb-aa8c-656a9a2cae42"",""9bfce790-4137-4bfe-9f2c-389eb6da4b3b"",""a978d437-9c71-49fa-bf61-4bf54378b709""]","wix:image://v1/9af21d_314cf8a916d34f6d92cbd635965884b7~mv2.png/unnamed.png#originWidth=134&originHeight=144",,,,"/product-list/","/product-list/riser-elbow-45%CB%9A-(flat)","[""3657abb4-bd68-4e1d-8c17-86ad7773ead4""]","f63dca81-d765-4396-a496-97521640955d",2025-11-06T00:54:30Z,2025-11-07T05:13:22Z,"9af21d4e-2c70-4ca7-ba14-ceb25a4ffc80",2025-11-05T23:46:58Z,
"PUBLISHED","Cone Boot","[""b671e23c-2a2f-4350-a7c9-5f0369dd4cea"",""703b2a55-70f8-47ff-9221-1705c594d3ab"",""5ddf82f2-532e-4dc6-bea6-3e01670bc82f"",""8c35e396-78dd-491b-8f3f-0d64ae33ae26"",""47199b4e-af46-45a3-aef3-17714e1ffc96"",""0f0af578-4893-4b1c-a09a-8a0276ead82e"",""4eb8dd8d-16f2-4987-be2c-76ca73134448"",""87543b6b-ec4e-4787-aaad-03a336c35128""]","wix:image://v1/9af21d_f5345d9b104b4e449e2fe84248e61fe4~mv2.jpg/unnamed.jpg#originWidth=508&originHeight=305","{""nodes"":[{""paragraphData"":{""textStyle"":{""textAlignment"":""CENTER""}},""style"":{},""id"":""lxpw16935"",""nodes"":[{""type"":""TEXT"",""id"":"""",""nodes"":[],""textData"":{""text"":""Other sizes available upon request."",""decorations"":[]}}],""type"":""PARAGRAPH""}],""documentStyle"":{}}","Other sizes available upon request",,"/product-list/","/product-list/cone-boot","[""66bc596e-6594-46ec-873b-fbb6f227aba1""]","f642fb4d-eedd-47f5-834c-8629cdd4078f",2025-11-06T00:29:12Z,2025-11-07T05:15:35Z,"9af21d4e-2c70-4ca7-ba14-ceb25a4ffc80",2025-11-05T23:46:58Z,
"PUBLISHED","1” Circle Liner","[""8bc1d02e-ba90-423b-9ec3-fde65281c817"",""9ea133af-d25a-4cac-84a8-e9f8ea9e8ed7"",""3029b758-c4cb-4fcf-bcf2-f82fa8d1023e"",""2afa0b5f-12f0-4a2a-bec5-311e39f6bc76"",""9e2881f9-c73f-4b15-a504-ecbe9c653d1c"",""ae536e31-0e73-4ce6-947e-dedb10507ea4"",""b5e121d2-d2df-42c8-8efc-45c49958056a"",""53442894-3eca-4773-b434-39452420d077""]","wix:image://v1/9af21d_791a2f6e670e44eaac8ae4cf222a49b0~mv2.jpg/unnamed.jpg#originWidth=430&originHeight=549",,,,"/product-list/","/product-list/1%E2%80%9D-circle-liner","[""9e60a4e8-1fa0-424b-8df1-cc394efa6e3e""]","f79c7adf-facd-4d75-9753-b48ad6e29efe",2025-11-07T05:20:02Z,2025-11-07T05:20:46Z,"9af21d4e-2c70-4ca7-ba14-ceb25a4ffc80",2025-11-07T04:24:37Z,
